id,first_name,last_name,email,gender,phone,city,state,ssn,catchphrase
2837784,Ben,Klein,bklein0@gizmodo.com,Male,2128080076,New York City,NY,739-93-7262,Function-based grid-enabled budgetary management
6344860,Ann,Gradley,agradley1@amazon.de,Female,2093695851,Stockton,CA,421-89-8228,Configurable leading edge complexity
4542731,Fran,Pebworth,fpebworth2@umich.edu,Male,8174470285,Fort Worth,TX,762-43-5678,Diverse multi-state help-desk
5082903,Angie,Chellam,achellam3@amazon.com,Female,9405024950,Wichita Falls,TX,610-11-1409,Assimilated even-keeled infrastructure
6923686,Vonny,Sollam,vsollam4@cdc.gov,Female,7148197487,Irvine,CA,163-15-6568,Versatile grid-enabled challenge
5874643,Fraser,Simmons,fsimmons5@ca.gov,Male,4804029188,Scottsdale,AZ,137-11-0262,Reduced exuding open architecture
2938151,Muffin,Edgars,medgars6@theglobeandmail.com,Female,5044023406,New Orleans,LA,882-49-1558,Ergonomic neutral hub
2005572,Harmony,Marchenko,hmarchenko7@i2i.jp,Female,6266417044,Pasadena,CA,492-92-6557,Cross-platform content-based installation
1010191,Ansley,Shrimpton,ashrimpton8@1und1.de,Female,9376410747,Dayton,OH,169-49-5748,Public-key actuating algorithm
1264777,Mariann,Hymers,mhymers9@scientificamerican.com,Female,8638112694,Lakeland,FL,241-67-7996,Reactive bifurcated moderator
2634142,Emmerich,Birkenshaw,ebirkenshawa@acquirethisname.com,Male,7143743729,Irvine,CA,237-59-7160,Multi-channelled non-volatile frame
3637379,Maryjane,Le Quesne,mlequesneb@senate.gov,Female,7178004257,Lancaster,PA,748-87-3935,Focused disintermediate encryption
5801621,Skell,Pocke,spockec@barnesandnoble.com,Male,8082011171,Honolulu,HI,339-29-6429,Right-sized leading edge groupware
2617198,Collete,Washbrook,cwashbrookd@nbcnews.com,Female,5598779773,Fresno,CA,295-86-4699,Profit-focused stable ability
6458810,Chevalier,Archibold,carchibolde@networkadvertising.org,Male,4106902520,Ridgely,MD,313-99-5063,Configurable dedicated application
1583531,Bernice,Wightman,bwightmanf@hao123.com,Female,3309052919,Akron,OH,270-98-2348,Operative maximized strategy
4564112,Redford,Wimpey,rwimpeyg@ftc.gov,Male,4079285112,Orlando,FL,440-67-4794,Implemented bifurcated artificial intelligence
4272959,Inger,Hassin,ihassinh@elpais.com,Male,7865382095,Miami,FL,704-83-0886,Multi-tiered national installation
1833466,Elisabeth,Surgey,esurgeyi@drupal.org,Female,7182465287,Jamaica,NY,478-63-3634,Cloned actuating definition
1827666,Keene,Osmant,kosmantj@1und1.de,Male,3178563130,Indianapolis,IN,513-96-8903,Triple-buffered optimizing projection
4097381,Sherilyn,McDool,smcdoolk@earthlink.net,Female,3303267600,Akron,OH,865-98-3178,Synergized neutral knowledge user
7226067,Arlene,McGairl,amcgairll@macromedia.com,Female,3149784898,Saint Louis,MO,192-23-5594,Inverse client-server standardization
6364033,Daniella,Fuster,dfusterm@huffingtonpost.com,Female,4803467742,Mesa,AZ,842-45-3493,Horizontal empowering intranet
6757193,Del,Grave,dgraven@prweb.com,Female,2535354805,Lakewood,WA,158-28-7439,Optional intermediate model
5673093,Berte,Bartoloma,bbartolomao@bigcartel.com,Female,8323869349,Houston,TX,170-30-3199,Persistent executive time-frame
1726876,Riccardo,Cushworth,rcushworthp@sourceforge.net,Male,3047930252,Charleston,WV,273-62-3900,Robust multi-tasking archive
4491927,Gale,Day,gdayq@pcworld.com,Female,9175860200,New York City,NY,501-09-9063,Multi-tiered eco-centric projection
5707245,Jolyn,O'Scanlan,joscanlanr@bloomberg.com,Female,5851400992,Rochester,NY,252-83-3691,Self-enabling fresh-thinking benchmark
4029450,Land,Maltman,lmaltmans@free.fr,Male,2058275590,Birmingham,AL,239-99-5735,Sharable demand-driven knowledge base
6891150,Cary,Cherry,ccherryt@bizjournals.com,Female,9012305291,Memphis,TN,140-59-2736,Adaptive dedicated budgetary management
1659482,Hallie,Brayford,hbrayfordu@virginia.edu,Female,4064990594,Billings,MT,339-18-7998,Compatible methodical info-mediaries
4973931,Katinka,Kun,kkunv@seesaa.net,Female,4122304895,Pittsburgh,PA,784-47-3180,Robust object-oriented collaboration
7065137,Gabriellia,Hurworth,ghurworthw@irs.gov,Female,3523933894,Gainesville,FL,126-92-3973,Future-proofed solution-oriented function
3834888,Siffre,Meco,smecox@behance.net,Male,7134058981,Spring,TX,285-97-6943,Profit-focused discrete extranet
7223052,Aguste,Errington,aerringtony@usgs.gov,Male,9098288554,San Bernardino,CA,712-50-2800,Business-focused non-volatile intranet
3356490,Martelle,Lillyman,mlillymanz@ow.ly,Female,4348575210,Charlottesville,VA,840-84-7246,Public-key asymmetric open architecture
2991072,Peter,Mordaunt,pmordaunt10@gmpg.org,Male,8017501211,Salt Lake City,UT,101-01-7116,Seamless 4th generation throughput
2706725,Tobin,Emanuelli,temanuelli11@smugmug.com,Male,5087699622,Worcester,MA,825-11-2565,Horizontal real-time application
6098848,Angie,Celier,acelier12@sitemeter.com,Male,9739229745,Newark,NJ,629-62-1628,Compatible client-server application
5838950,Gerta,Evert,gevert13@harvard.edu,Female,3216301294,Orlando,FL,225-94-0674,Multi-layered reciprocal internet solution
5737091,Sarah,Ivanikhin,sivanikhin14@sakura.ne.jp,Female,8165639639,Kansas City,KS,642-05-8417,User-centric hybrid pricing structure
6534902,Garrott,Dagwell,gdagwell15@ucsd.edu,Male,9528790536,Young America,MN,151-69-0090,Reactive fresh-thinking definition
1691885,Donia,Schankel,dschankel16@theguardian.com,Female,7248735021,New Castle,PA,729-91-7623,Customizable eco-centric array
4392141,Phillida,Hodgon,phodgon17@blinklist.com,Female,2061603909,Seattle,WA,207-66-5109,Team-oriented stable productivity
3681718,Lambert,Punter,lpunter18@icq.com,Male,5625395284,Long Beach,CA,831-41-5625,Profound object-oriented instruction set
1700186,Wang,Bischof,wbischof19@umich.edu,Male,2093179382,Visalia,CA,366-16-9280,Synergistic fault-tolerant Graphic Interface
1063706,Fernando,Fynes,ffynes1a@ted.com,Male,4801850669,Tempe,AZ,684-82-9699,Optimized multimedia adapter
7900591,Karola,Verdey,kverdey1b@illinois.edu,Female,9147179489,Yonkers,NY,144-44-3389,Grass-roots 5th generation collaboration
3463736,Lenee,Van der Veldt,lvanderveldt1c@sourceforge.net,Female,8604354496,Hartford,CT,480-77-2590,Persistent didactic functionalities
3344980,Jakob,Patriche,jpatriche1d@wikipedia.org,Male,8056241234,Oxnard,CA,678-04-9521,Optimized fault-tolerant encoding
6683238,Valentine,Bacop,vbacop1e@virginia.edu,Male,7193450899,Pueblo,CO,312-50-2619,Universal upward-trending emulation
1153451,Brice,Dupoy,bdupoy1f@comsenz.com,Male,7142222660,Brea,CA,796-42-6628,Grass-roots user-facing product
7350205,Dietrich,Dauby,ddauby1g@unicef.org,Male,7135592104,Houston,TX,177-64-8729,Inverse logistical emulation
7561771,Morey,McCourtie,mmccourtie1h@google.de,Male,8136921208,Tampa,FL,392-80-9480,Reduced fault-tolerant artificial intelligence
4880818,Stevana,Fletcher,sfletcher1i@altervista.org,Female,7187713947,Staten Island,NY,528-06-5614,Implemented didactic functionalities
5482761,Lorant,Winterson,lwinterson1j@zimbio.com,Male,8187699903,Torrance,CA,873-90-5603,De-engineered dedicated model
6230217,Carly,McCotter,cmccotter1k@springer.com,Female,4108421413,Baltimore,MD,305-60-4465,Re-engineered fault-tolerant methodology
6168099,Adena,Badsworth,abadsworth1l@tripadvisor.com,Female,4343561670,Charlottesville,VA,556-17-7919,Seamless secondary concept
6061593,Tara,Cuerdale,tcuerdale1m@issuu.com,Female,7134067601,Houston,TX,153-28-1722,Open-architected bifurcated success
5084511,Halsey,Ronca,hronca1n@dot.gov,Male,8019359181,Ogden,UT,240-21-4905,Synchronised exuding emulation
2417478,Saul,Freeman,sfreeman1o@cnbc.com,Male,4049527459,Norcross,GA,438-06-7192,Organized dedicated function
2136313,Kale,Moulin,kmoulin1p@jalbum.net,Male,6125609158,Minneapolis,MN,839-18-3202,Balanced explicit hardware
2645635,Sib,Ipsly,sipsly1q@xinhuanet.com,Female,2027803134,Washington,DC,373-77-3847,Secured background adapter
3130507,Marja,Domingues,mdomingues1r@squarespace.com,Female,2083438253,Boise,ID,266-37-3257,Reduced global intranet
6915150,Tad,Matelyunas,tmatelyunas1s@baidu.com,Male,3369608067,High Point,NC,270-32-6202,Advanced asynchronous matrix
1629580,Lib,Sipson,lsipson1t@weather.com,Female,9039536246,Tyler,TX,176-18-6116,Implemented systemic utilisation
6655499,Lane,Gibbie,lgibbie1u@hugedomains.com,Female,9155493336,El Paso,TX,645-60-0984,Re-contextualized didactic projection
2282025,Niccolo,Moores,nmoores1v@canalblog.com,Male,8657904506,Knoxville,TN,619-39-7753,Team-oriented logistical leverage
7549243,Federico,Perrat,fperrat1w@gov.uk,Male,8082547873,Honolulu,HI,799-28-9657,User-friendly methodical task-force
1138043,Uta,Sawnwy,usawnwy1x@harvard.edu,Female,6196290505,San Diego,CA,526-53-5210,User-centric systematic intranet
7271638,Kylen,Philippard,kphilippard1y@twitter.com,Female,4099410476,Galveston,TX,120-83-7784,Phased client-server contingency
2067901,Felizio,Loveridge,floveridge1z@cocolog-nifty.com,Male,7133257681,Houston,TX,215-73-6804,Cross-platform grid-enabled budgetary management
7444134,Elysee,Pagden,epagden20@shop-pro.jp,Female,2287379735,Gulfport,MS,592-58-3097,Profound methodical hierarchy
6047028,Clarey,Birk,cbirk21@diigo.com,Female,8014931976,Ogden,UT,546-20-4563,Innovative upward-trending firmware
2691629,Kippie,Klainer,kklainer22@intel.com,Female,7027428492,Las Vegas,NV,278-98-6384,Focused secondary encryption
1112586,Tony,Lobe,tlobe23@apple.com,Female,3031785726,Boulder,CO,255-49-2405,Customer-focused dynamic protocol
3751810,Dania,Rosenberg,drosenberg24@samsung.com,Female,9514129642,Riverside,CA,871-36-6277,Phased interactive open system
7445064,Leanor,Torrese,ltorrese25@spotify.com,Female,7275076340,Saint Petersburg,FL,807-11-9195,Visionary value-added capability
6109407,Wilbert,D'Agostino,wdagostino26@nature.com,Male,5041877540,Metairie,LA,763-54-8762,Distributed multimedia success
3935404,Arny,Astlett,aastlett27@hubpages.com,Male,8148269800,Erie,PA,732-52-3668,Balanced analyzing migration
2648847,Benedikt,Munnery,bmunnery28@histats.com,Male,7045179539,Charlotte,NC,381-63-3990,Distributed zero defect migration
3544031,Bord,Kolyagin,bkolyagin29@mtv.com,Male,9893599566,Midland,MI,655-34-2859,User-friendly regional artificial intelligence
1545391,Ford,Gamlyn,fgamlyn2a@google.ru,Male,8653168314,Knoxville,TN,841-75-4545,Open-architected next generation framework
7002173,Lissa,Wewell,lwewell2b@alexa.com,Female,7866235609,Homestead,FL,413-96-9628,Visionary context-sensitive solution
1613131,Korey,Brugman,kbrugman2c@washington.edu,Male,6037296865,Portsmouth,NH,725-02-6453,Front-line clear-thinking Graphic Interface
5987954,Justine,Dmych,jdmych2d@shareasale.com,Female,5185222877,Albany,NY,198-52-1260,Implemented foreground approach
4476953,Laurence,McAneny,lmcaneny2e@sbwire.com,Male,5152110188,Des Moines,IA,203-92-4420,Multi-tiered logistical installation
6596078,Ad,Lilly,alilly2f@yahoo.com,Male,8086411353,Honolulu,HI,450-14-3494,Right-sized modular ability
1649414,Thelma,Hawkridge,thawkridge2g@youtube.com,Female,7273959914,Clearwater,FL,373-73-2877,Optional fault-tolerant encoding
3229617,Libby,Horsburgh,lhorsburgh2h@scientificamerican.com,Female,4322033557,Odessa,TX,248-11-7470,User-friendly intangible throughput
2662261,Garik,Ormes,gormes2i@themeforest.net,Male,3527644520,Ocala,FL,535-84-7449,Focused optimal toolset
6946427,Clementine,Beange,cbeange2j@clickbank.net,Female,9795156788,Bryan,TX,590-87-4666,Digitized composite success
6073199,Cissiee,Cormode,ccormode2k@reuters.com,Female,3018863601,Annapolis,MD,233-86-3232,Re-contextualized optimizing success
6756962,Gawain,Cooke,gcooke2l@scribd.com,Male,6018404799,Jackson,MS,571-43-5754,Progressive 4th generation hierarchy
6236051,Lane,McGray,lmcgray2m@woothemes.com,Male,2519800911,Mobile,AL,709-89-3090,Face to face dedicated forecast
1737242,Andy,Boddis,aboddis2n@yellowbook.com,Female,2395464299,Lehigh Acres,FL,623-67-3211,Operative needs-based toolset
3861979,Bevin,Baggally,bbaggally2o@howstuffworks.com,Male,9524918848,Young America,MN,862-51-0161,Open-architected explicit matrices
7296746,Juline,Cuttell,jcuttell2p@csmonitor.com,Female,5104427513,Oakland,CA,873-17-2104,Decentralized encompassing software
5371593,Julius,Delph,jdelph2q@biglobe.ne.jp,Male,4103212833,Ridgely,MD,443-25-7166,Polarised modular parallelism
7098767,Carce,Posse,cposse2r@vistaprint.com,Male,4156521298,San Francisco,CA,105-47-7563,Proactive zero administration hardware
2346410,Tamara,Furman,tfurman2s@si.edu,Female,9159509084,El Paso,TX,684-61-7817,Centralized fresh-thinking model
4554513,Husein,Maasz,hmaasz2t@microsoft.com,Male,2024352047,Washington,DC,661-09-6955,Grass-roots maximized data-warehouse
2630376,Konstantin,Campana,kcampana2u@issuu.com,Male,4049965849,Atlanta,GA,480-55-9488,Function-based human-resource hardware
3871617,Thomasine,Pochet,tpochet2v@google.ca,Female,5188878262,Schenectady,NY,821-98-7292,Persevering bifurcated capacity
5118193,Marlena,Braithwait,mbraithwait2w@yelp.com,Female,8033414578,Columbia,SC,644-43-7442,Proactive optimal support
7391773,Lew,Andrich,landrich2x@w3.org,Male,3364920752,Greensboro,NC,684-89-2409,Balanced motivating task-force
4138414,Kennie,Capewell,kcapewell2y@nps.gov,Male,9526255085,Young America,MN,273-15-0758,Robust multimedia service-desk
2101389,Mattias,Maunsell,mmaunsell2z@nature.com,Male,8572618762,Cambridge,MA,777-52-7329,Mandatory 4th generation internet solution
6312312,Davidson,Krebs,dkrebs30@elegantthemes.com,Male,8033179651,Columbia,SC,104-51-0897,Universal mission-critical projection
3979358,Bastien,Tattersall,btattersall31@toplist.cz,Male,8326232063,Houston,TX,414-40-1120,Up-sized high-level open system
5488021,Sharity,Chattington,schattington32@ed.gov,Female,5086159720,Brockton,MA,569-61-1317,Visionary composite matrices
6440514,Dominic,Marion,dmarion33@odnoklassniki.ru,Male,6015503204,Jackson,MS,779-80-6179,Persistent bandwidth-monitored budgetary management
5965244,Row,Ritchard,rritchard34@indiegogo.com,Female,9151154130,El Paso,TX,114-27-9228,Fully-configurable homogeneous forecast
6275933,Ekaterina,Branney,ebranney35@phpbb.com,Female,7132999823,Houston,TX,129-10-0285,Multi-tiered dynamic implementation
6382699,Larry,Velten,lvelten36@wordpress.org,Male,6829799362,Fort Worth,TX,369-06-9925,Universal national system engine
5129944,Ernie,Batson,ebatson37@theguardian.com,Male,4406743822,Cleveland,OH,841-68-9097,Open-source mission-critical frame
7892821,Mollie,Twidale,mtwidale38@adobe.com,Female,3521563488,Brooksville,FL,214-69-3830,Synergized stable software
6584696,Royal,Bernot,rbernot39@wufoo.com,Male,5617664885,Boca Raton,FL,256-70-4884,Open-source mobile hub
7216240,Kendrick,Manjot,kmanjot3a@facebook.com,Male,6013315643,Jackson,MS,736-68-5655,Multi-tiered grid-enabled initiative
6828685,Briney,Ander,bander3b@scientificamerican.com,Female,9168001001,Sacramento,CA,264-49-0153,Focused intangible knowledge user
2121344,Archy,Haskell,ahaskell3c@unicef.org,Male,2128146675,New York City,NY,704-20-5812,Decentralized context-sensitive knowledge base
6075993,Beitris,Scinelli,bscinelli3d@amazon.com,Female,9414707893,North Port,FL,821-49-9917,Grass-roots disintermediate moderator
6676779,Pascale,Foulsham,pfoulsham3e@joomla.org,Male,5612232513,West Palm Beach,FL,682-40-1483,Mandatory methodical open system
1432661,Fabian,Guidotti,fguidotti3f@imageshack.us,Male,8087070315,Honolulu,HI,241-55-2056,Balanced value-added system engine
2999715,Roberto,Witnall,rwitnall3g@nifty.com,Male,7021444719,Henderson,NV,751-65-9487,Enterprise-wide 5th generation service-desk
5604806,Dicky,Sapwell,dsapwell3h@cdbaby.com,Male,7048977703,Charlotte,NC,483-45-2696,Devolved real-time open system
4191432,Adolpho,Kivell,akivell3i@topsy.com,Male,6783616910,Atlanta,GA,412-80-2893,Down-sized contextually-based parallelism
2864545,Gerhard,Joyner,gjoyner3j@ebay.com,Male,3092703970,Peoria,IL,403-67-9286,Persistent user-facing model
2021801,Bev,Tidball,btidball3k@surveymonkey.com,Male,6152462292,Nashville,TN,601-48-8290,Compatible foreground framework
2743050,Gaye,Reyes,greyes3l@hao123.com,Female,9378161432,Dayton,OH,571-21-6604,Quality-focused uniform concept
6450875,Kristin,Trevorrow,ktrevorrow3m@wired.com,Female,2815116965,Pasadena,TX,221-24-2627,Seamless secondary interface
4936237,Bradley,Hallas,bhallas3n@amazon.com,Male,5056375969,Albuquerque,NM,517-53-7285,Programmable national Graphical User Interface
3618233,Jerrilee,Beament,jbeament3o@angelfire.com,Female,9729231006,Dallas,TX,562-34-0030,Enterprise-wide encompassing frame
5069652,Truman,Unworth,tunworth3p@1und1.de,Male,7194667042,Colorado Springs,CO,624-37-2667,Ergonomic value-added matrix
3523382,Pauly,Leverton,pleverton3q@about.com,Female,2021315247,Washington,DC,658-74-9922,Profit-focused upward-trending workforce
6729060,Vanya,Flancinbaum,vflancinbaum3r@smh.com.au,Male,6618965457,Bakersfield,CA,699-37-6636,Innovative modular functionalities
7946770,Giacobo,Hains,ghains3s@thetimes.co.uk,Male,4079491608,Orlando,FL,290-12-2604,Advanced coherent installation
7897962,Elsy,Clyant,eclyant3t@tinypic.com,Female,4088014438,San Jose,CA,667-32-2101,Virtual 4th generation focus group
7408279,David,Markson,dmarkson3u@comcast.net,Male,7062857513,Athens,GA,761-48-2431,Focused empowering productivity
1656959,Chick,Jobbings,cjobbings3v@over-blog.com,Male,9376924862,Dayton,OH,777-66-7085,Future-proofed solution-oriented pricing structure
7406385,Sherm,Girsch,sgirsch3w@hubpages.com,Male,8592131031,Lexington,KY,203-41-2024,Organized tertiary circuit
1037559,Gran,McInnery,gmcinnery3x@bandcamp.com,Male,2399344809,Naples,FL,574-89-0392,Devolved next generation methodology
2571109,Bonni,Bernardeschi,bbernardeschi3y@admin.ch,Female,9187577835,Tulsa,OK,523-65-8502,Front-line coherent open system
4793974,Griffy,Fulbrook,gfulbrook3z@geocities.jp,Male,3058994831,Miami Beach,FL,632-93-7103,Intuitive grid-enabled application
6056841,Michal,Hake,mhake40@usgs.gov,Female,7347592403,Detroit,MI,214-78-7671,Monitored multimedia implementation
4474239,Bil,Flowerden,bflowerden41@ihg.com,Male,2023790262,Washington,DC,519-70-7976,Ameliorated radical migration
3768261,Stafani,Ander,sander42@g.co,Female,6125736400,Minneapolis,MN,349-87-4687,Up-sized dedicated customer loyalty
5796772,Kaitlyn,McGoon,kmcgoon43@google.ru,Female,8285278089,Asheville,NC,640-31-1628,Organic multi-tasking neural-net
7138026,Trudi,Killoran,tkilloran44@moonfruit.com,Female,9167624912,Sacramento,CA,246-53-4974,Open-architected static contingency
5613375,Maurise,Mayward,mmayward45@zdnet.com,Male,7147054679,Orange,CA,827-98-7310,Future-proofed methodical process improvement
7646571,Cristie,Mechic,cmechic46@newyorker.com,Female,3345190557,Montgomery,AL,776-52-4595,Ameliorated disintermediate utilisation
1131073,Johnathon,Blazi,jblazi47@macromedia.com,Male,9145012697,Mount Vernon,NY,387-51-3300,Vision-oriented empowering definition
7110654,Kaiser,Mendus,kmendus48@photobucket.com,Male,8432560368,Beaufort,SC,216-83-0735,De-engineered client-driven frame
7306290,Denys,Vernau,dvernau49@mashable.com,Female,9014794546,Memphis,TN,672-40-3480,Inverse demand-driven Graphic Interface
2453686,Barnebas,Kildale,bkildale4a@360.cn,Male,5132461316,Cincinnati,OH,489-22-5828,Phased contextually-based process improvement
7673870,Jere,Gabler,jgabler4b@slideshare.net,Male,8601606392,Hartford,CT,889-55-8728,Profit-focused zero defect challenge
1018995,Easter,Cartwight,ecartwight4c@go.com,Female,4239303124,Kingsport,TN,833-80-8510,Polarised encompassing monitoring
7434555,Ravi,Hierro,rhierro4d@sun.com,Male,4104756566,Baltimore,MD,543-03-2725,Cloned mission-critical solution
5103867,Zeke,Guppey,zguppey4e@bizjournals.com,Male,8019354556,Salt Lake City,UT,218-07-1661,Up-sized explicit product
6146857,Anet,Ruzicka,aruzicka4f@miibeian.gov.cn,Female,9286083006,Phoenix,AZ,421-10-0421,User-friendly composite leverage
5434317,Colly,Rutgers,crutgers4g@ihg.com,Female,8329153409,Spring,TX,389-75-0168,Switchable global paradigm
6300015,Abby,Sneden,asneden4h@wunderground.com,Female,9377756247,Dayton,OH,488-79-3913,Decentralized asymmetric ability
6356212,Kally,Hamly,khamly4i@ustream.tv,Female,4159091574,San Francisco,CA,680-90-7001,Streamlined client-server success
4511174,Rubetta,Iowarch,riowarch4j@mayoclinic.com,Female,7133487613,Houston,TX,673-08-9056,Open-source logistical budgetary management
5302658,Perice,Kubera,pkubera4k@symantec.com,Male,2518073265,Mobile,AL,646-29-0845,Pre-emptive interactive extranet
3123603,Iseabal,Esland,iesland4l@miitbeian.gov.cn,Female,4061141843,Helena,MT,208-49-8530,Switchable national pricing structure
4939861,Sayre,Vasyukhin,svasyukhin4m@cpanel.net,Male,4124399248,Pittsburgh,PA,750-05-4734,Switchable clear-thinking matrices
4129739,Cart,Catto,ccatto4n@cocolog-nifty.com,Male,5055824241,Albuquerque,NM,280-16-3911,Reverse-engineered uniform instruction set
4521547,Bear,Blaycock,bblaycock4o@networkadvertising.org,Male,6177658090,Boston,MA,285-67-0248,Digitized solution-oriented moratorium
2212823,Ephrayim,Allardyce,eallardyce4p@altervista.org,Male,2281050218,Biloxi,MS,537-83-8668,Configurable next generation matrix
6691149,Freddy,Whiscard,fwhiscard4q@blogspot.com,Female,2022115458,Washington,DC,731-62-2022,Reverse-engineered scalable array
6919936,Dugald,O'Suaird,dosuaird4r@histats.com,Male,3236526490,Los Angeles,CA,554-45-9105,Synergized contextually-based archive
7024912,Rhody,Willmer,rwillmer4s@cocolog-nifty.com,Female,7066505209,Cumming,GA,150-68-5889,Intuitive needs-based system engine
2501746,Thaine,Woffenden,twoffenden4t@php.net,Male,2056187716,Birmingham,AL,759-62-9944,Face to face optimizing concept
6927323,Gaylor,Marquet,gmarquet4u@flickr.com,Male,7864669418,Homestead,FL,535-70-8789,Enhanced value-added analyzer
5193883,Lazaro,Gosford,lgosford4v@ustream.tv,Male,2191622685,Gary,IN,780-93-6947,Reactive leading edge challenge
7280397,Lusa,Lindfors,llindfors4w@infoseek.co.jp,Female,7276699633,Clearwater,FL,308-61-3235,Centralized tangible extranet
7408699,Desirae,Eastlake,deastlake4x@discovery.com,Female,4046785919,Decatur,GA,365-23-1150,Multi-lateral intermediate policy
1370669,Spense,Gregorin,sgregorin4y@facebook.com,Male,8019837574,Ogden,UT,323-59-6600,De-engineered explicit encryption
7928103,Rosalyn,Caddie,rcaddie4z@123-reg.co.uk,Female,7656734754,Muncie,IN,438-05-5204,Business-focused even-keeled system engine
4192679,Colline,Boone,cboone50@simplemachines.org,Female,2023752061,Washington,DC,312-54-6181,Synchronised impactful emulation
3132180,Bernete,Tidbold,btidbold51@ow.ly,Female,2158064887,Philadelphia,PA,688-36-6092,Digitized disintermediate methodology
2292350,Murdoch,Seefus,mseefus52@163.com,Male,4802882697,Mesa,AZ,631-90-2395,Vision-oriented holistic circuit
6111197,Jeanna,Leathard,jleathard53@pagesperso-orange.fr,Female,7579068250,Newport News,VA,483-10-0082,Assimilated 4th generation orchestration
3207340,Ralf,Baldassi,rbaldassi54@jugem.jp,Male,5155601778,Des Moines,IA,428-64-5175,Re-engineered background time-frame
4550831,Malchy,Brend,mbrend55@behance.net,Male,7277433641,Saint Petersburg,FL,175-78-0970,Optional hybrid project
2221259,Daryn,Kapelhof,dkapelhof56@xing.com,Female,7651458604,Muncie,IN,689-66-3537,Adaptive even-keeled alliance
2059649,Tedda,Figures,tfigures57@flavors.me,Female,5152728202,Des Moines,IA,841-54-3613,Seamless well-modulated support
2514376,Doroteya,Benz,dbenz58@netvibes.com,Female,8019071646,Salt Lake City,UT,422-61-8724,Open-architected multimedia complexity
1507018,Lorenza,Cankett,lcankett59@google.ca,Female,8085672790,Honolulu,HI,169-98-7998,Persistent multimedia process improvement
1298611,Stephen,Jerdan,sjerdan5a@bing.com,Male,5853950079,Rochester,NY,714-84-2756,Organic context-sensitive migration
2607089,Roz,Jaskowicz,rjaskowicz5b@java.com,Female,9154484515,El Paso,TX,719-94-3463,Versatile local complexity
5688407,Sherwood,Coultous,scoultous5c@goo.ne.jp,Male,7034230270,Alexandria,VA,479-76-1195,Networked secondary attitude
5353075,Roma,Dunphie,rdunphie5d@tinypic.com,Male,5093327160,Spokane,WA,895-75-4272,Re-engineered didactic matrices
1803689,Tobey,Steely,tsteely5e@friendfeed.com,Female,5158007500,Des Moines,IA,587-72-6622,Versatile secondary implementation
5717975,Jeni,Keir,jkeir5f@google.fr,Female,8131984939,Tampa,FL,871-67-4093,Operative global paradigm
7562563,Field,Abeles,fabeles5g@chron.com,Male,6127707020,Minneapolis,MN,730-20-8223,Configurable multi-tasking monitoring
6514309,Ingra,Frantzeni,ifrantzeni5h@google.fr,Male,5159563270,Des Moines,IA,629-74-0204,Proactive eco-centric circuit
3792576,Moria,Godman,mgodman5i@squidoo.com,Female,8503691439,Panama City,FL,866-78-3250,Reactive eco-centric encoding
3478620,Rivkah,Baskerville,rbaskerville5j@google.com.br,Female,2122674401,New York City,NY,534-24-4341,Upgradable high-level moderator
2118257,Torrey,Flanne,tflanne5k@vinaora.com,Male,3198161514,Iowa City,IA,151-64-9660,Future-proofed scalable hardware
2434446,Augustine,Reach,areach5l@independent.co.uk,Female,2178415909,Springfield,IL,747-77-5737,Managed clear-thinking contingency
2010374,Cassandry,Munns,cmunns5m@last.fm,Female,4796196968,Fort Smith,AR,289-86-7018,Mandatory web-enabled frame
3342246,Minni,Fayre,mfayre5n@timesonline.co.uk,Female,9131605142,Shawnee Mission,KS,408-14-1588,Centralized explicit interface
4917018,Helena,Duplock,hduplock5o@goodreads.com,Female,4402708064,Cleveland,OH,271-62-2412,Team-oriented 5th generation workforce
7562060,Jami,Goldbourn,jgoldbourn5p@epa.gov,Female,2109065933,San Antonio,TX,763-49-7936,Profit-focused bifurcated knowledge base
7157440,Anjela,Seawell,aseawell5q@webeden.co.uk,Female,8015648330,Salt Lake City,UT,455-29-2818,Phased explicit ability
3022661,Tammi,Eronie,teronie5r@latimes.com,Female,7541753767,Fort Lauderdale,FL,208-73-8501,Automated systemic portal
7999596,Horten,Cramond,hcramond5s@skyrock.com,Male,2067851107,Seattle,WA,551-92-7201,Versatile human-resource framework
5175994,Ricki,Gier,rgier5t@umn.edu,Female,2163113243,Cleveland,OH,867-54-7601,Reactive value-added focus group
5460277,Moira,Wilkie,mwilkie5u@uiuc.edu,Female,2093906375,Visalia,CA,679-44-4580,Sharable logistical protocol
1193908,Raviv,Carme,rcarme5v@un.org,Male,4156126509,San Rafael,CA,244-64-9373,Decentralized reciprocal project
4695645,Bernetta,Tiptaft,btiptaft5w@com.com,Female,6024668612,Phoenix,AZ,795-50-4725,Distributed coherent neural-net
4014646,Miles,Scopyn,mscopyn5x@artisteer.com,Male,4802259826,Scottsdale,AZ,602-24-1038,Phased cohesive circuit
6643913,Ludvig,McNutt,lmcnutt5y@tumblr.com,Male,5854108354,Rochester,NY,516-94-6374,Synchronised contextually-based portal
5338752,Dotty,Elloit,delloit5z@umich.edu,Female,5204469646,Tucson,AZ,496-65-0115,Triple-buffered system-worthy capability
4992354,Antonino,Wilstead,awilstead60@foxnews.com,Male,3026086489,Wilmington,DE,120-45-5866,Ergonomic explicit Graphic Interface
7287043,Baryram,Dennett,bdennett61@bloomberg.com,Male,2037753781,Fairfield,CT,703-88-7596,Customer-focused impactful help-desk
1565614,Rodger,Michieli,rmichieli62@zdnet.com,Male,8041462535,Richmond,VA,488-55-6199,Enhanced dynamic hardware
2790991,Barby,Fillgate,bfillgate63@printfriendly.com,Female,4345617758,Charlottesville,VA,284-30-1098,Implemented incremental moderator
4061799,Steffie,Le Breton,slebreton64@seesaa.net,Female,2819296136,Houston,TX,186-87-5636,Enterprise-wide multi-state utilisation
4366996,Hermione,Chicchelli,hchicchelli65@sitemeter.com,Female,3051059533,Miami,FL,724-39-1938,Synergistic dynamic challenge
7536611,Larry,Dewdney,ldewdney66@techcrunch.com,Male,3398274820,Lynn,MA,443-54-1641,Polarised stable middleware
3496676,Theresina,Caron,tcaron67@posterous.com,Female,3368073399,Winston Salem,NC,413-08-3192,Front-line 4th generation moratorium
5509992,Ewen,Pedgrift,epedgrift68@gov.uk,Male,2103700269,San Antonio,TX,299-40-8856,Distributed motivating functionalities
2663009,Oona,Halpeine,ohalpeine69@lulu.com,Female,4122572980,Pittsburgh,PA,752-71-7640,Grass-roots 24/7 access
5312148,Berky,Adel,badel6a@ocn.ne.jp,Male,5139306188,Cincinnati,OH,787-58-1546,Focused 24 hour support
2380666,Bronnie,Bechley,bbechley6b@theglobeandmail.com,Male,5745064826,South Bend,IN,581-44-4078,Function-based radical architecture
1494952,Rosalie,Chuck,rchuck6c@oracle.com,Female,2175481514,Springfield,IL,816-91-0425,Enhanced exuding hierarchy
6954546,Risa,Langdale,rlangdale6d@amazon.co.uk,Female,5403220680,Roanoke,VA,674-06-6082,Upgradable zero tolerance implementation
5208781,Gwenora,Alwell,galwell6e@state.gov,Female,9524378472,Young America,MN,496-47-0782,Operative systematic protocol
2902848,Whit,Figin,wfigin6f@pcworld.com,Male,3258767182,San Angelo,TX,392-16-7487,Mandatory tangible secured line
1803896,Donnajean,Simester,dsimester6g@netlog.com,Female,7028736112,Las Vegas,NV,425-09-5156,Total actuating infrastructure
2907275,Gregorio,Wiltshaw,gwiltshaw6h@wiley.com,Male,4127713916,Pittsburgh,PA,885-17-2164,Focused mobile extranet
6030315,Bastien,Tong,btong6i@bigcartel.com,Male,4046157273,Atlanta,GA,460-32-4878,Extended analyzing internet solution
6585054,Corella,Fashion,cfashion6j@jiathis.com,Female,7854243661,Topeka,KS,527-74-9001,Distributed intangible conglomeration
3713380,Celestyna,Sayle,csayle6k@geocities.com,Female,8594607085,Lexington,KY,516-44-0080,Enterprise-wide mission-critical service-desk
1661290,Bail,Copnell,bcopnell6l@usa.gov,Male,3124097359,Chicago,IL,866-29-2283,Streamlined systemic installation
1806222,Nate,Strawbridge,nstrawbridge6m@jimdo.com,Male,8126263227,Evansville,IN,633-71-5431,Monitored zero defect leverage
2540401,Melloney,Gernier,mgernier6n@whitehouse.gov,Female,6789057658,Decatur,GA,422-04-1136,Business-focused client-driven system engine
1282955,Etta,Goldman,egoldman6o@macromedia.com,Female,4124439845,Pittsburgh,PA,254-96-1018,Balanced background flexibility
4909501,Garvin,Propper,gpropper6p@nba.com,Male,8014950300,Salt Lake City,UT,501-04-5615,Organized multi-state neural-net
3409458,Caddric,Hinze,chinze6q@ustream.tv,Male,2149510557,Dallas,TX,665-18-3964,Vision-oriented full-range analyzer
4463076,Juli,Eannetta,jeannetta6r@angelfire.com,Female,8608416162,Hartford,CT,712-97-9564,Grass-roots mobile archive
7058757,Eben,Briat,ebriat6s@arstechnica.com,Male,6265954871,Burbank,CA,513-14-3864,Focused interactive access
5417182,Carline,Nanson,cnanson6t@adobe.com,Female,2395075263,Naples,FL,590-04-9076,Future-proofed attitude-oriented benchmark
7490679,Emery,Seres,eseres6u@jigsy.com,Male,5051469204,Albuquerque,NM,407-87-9980,Cross-platform intangible customer loyalty
7564169,Beatrix,Sember,bsember6v@nhs.uk,Female,8506283017,Pensacola,FL,227-70-9204,Assimilated maximized paradigm
2775774,Alice,Frizell,afrizell6w@posterous.com,Female,6098674664,Trenton,NJ,749-15-2508,Intuitive intangible time-frame
1517420,Paxton,Lockitt,plockitt6x@umn.edu,Male,2029349798,Washington,DC,776-70-0830,Optional homogeneous task-force
7367273,Adelaide,Wapol,awapol6y@nsw.gov.au,Female,9127538960,Savannah,GA,205-34-7601,Customer-focused context-sensitive collaboration
5127014,Vera,Mac Geaney,vmacgeaney6z@mozilla.com,Female,3612476258,Corpus Christi,TX,638-33-3128,Progressive value-added time-frame
3503395,Alonso,Fenkel,afenkel70@chron.com,Male,3182296211,Shreveport,LA,640-50-3939,Secured value-added emulation
5108180,Maggee,Mungham,mmungham71@apple.com,Female,5704744518,Scranton,PA,288-62-3014,De-engineered asymmetric approach
2792577,Keelby,Smuth,ksmuth72@google.es,Male,3048482202,Charleston,WV,566-14-8279,Intuitive eco-centric contingency
3599794,Cortie,Burwood,cburwood73@google.com.br,Male,2025883321,Washington,DC,488-62-5130,Stand-alone object-oriented application
7887414,Marietta,Snelle,msnelle74@freewebs.com,Male,7637371595,Minneapolis,MN,817-18-0921,Managed asymmetric Graphical User Interface
2880407,Jarred,Zimmer,jzimmer75@elegantthemes.com,Male,5164119840,New York City,NY,559-11-0974,Intuitive bifurcated architecture
5639132,Clarance,Thies,cthies76@sogou.com,Male,7245919011,Pittsburgh,PA,222-82-5403,Pre-emptive motivating hardware
2609353,Emlynn,Creed,ecreed77@wikipedia.org,Female,8596995536,Lexington,KY,429-33-2165,Programmable fresh-thinking concept
2260872,Pearce,Gladdis,pgladdis78@telegraph.co.uk,Male,9568953906,Laredo,TX,201-46-7678,Polarised encompassing artificial intelligence
4644423,Adina,Shyram,ashyram79@usnews.com,Female,4785099729,Macon,GA,356-72-3453,Focused solution-oriented functionalities
1649887,Audrey,Sheals,asheals7a@mapquest.com,Female,4198373837,Mansfield,OH,792-28-9747,Automated real-time functionalities
6829994,Gard,Greer,ggreer7b@a8.net,Male,2171117630,Springfield,IL,761-24-2923,Digitized maximized infrastructure
3191497,Avigdor,Haggart,ahaggart7c@quantcast.com,Male,2512887566,Mobile,AL,265-45-7338,Synchronised object-oriented attitude
6757067,Timofei,Crosse,tcrosse7d@prlog.org,Male,2025817118,Washington,DC,276-84-1134,Assimilated multi-state conglomeration
1846895,Clywd,Ebbing,cebbing7e@rakuten.co.jp,Male,2678618167,Levittown,PA,315-34-1165,Right-sized demand-driven moratorium
5500704,Mile,Luciano,mluciano7f@weibo.com,Male,2081933729,Boise,ID,287-27-9341,Future-proofed disintermediate application
2593987,Josephina,Buddock,jbuddock7g@tinypic.com,Female,8042341235,Richmond,VA,643-33-0468,Reactive multimedia open architecture
4489158,Emilio,Bairnsfather,ebairnsfather7h@addthis.com,Male,9159180541,El Paso,TX,263-94-1345,Business-focused background archive
3073447,Vasili,Fullwood,vfullwood7i@wordpress.com,Male,9074667880,Fairbanks,AK,467-20-6847,Digitized contextually-based open architecture
5569097,Boris,Apfelmann,bapfelmann7j@google.de,Male,5181134920,Albany,NY,520-56-5962,Re-contextualized intangible website
7981657,Minda,Mutimer,mmutimer7k@google.ca,Female,4082804585,San Jose,CA,732-55-8777,Decentralized client-server productivity
7675890,Uri,Fairfoull,ufairfoull7l@zdnet.com,Male,2159046565,Philadelphia,PA,433-86-3874,Multi-lateral intangible frame
4209371,Keith,Dalyell,kdalyell7m@netvibes.com,Male,4432353528,Baltimore,MD,630-24-4246,Synergistic 6th generation website
7516714,Tomas,Faccini,tfaccini7n@hc360.com,Male,9722586297,Dallas,TX,503-62-3438,Configurable tertiary service-desk
4771548,Ellette,Golborne,egolborne7o@stanford.edu,Female,2168628509,Cleveland,OH,846-52-9997,Function-based intangible circuit
5756994,Ginny,Strand,gstrand7p@is.gd,Female,4258423975,Seattle,WA,397-14-8178,Pre-emptive background database
4126334,Karla,Autin,kautin7q@abc.net.au,Female,5596719092,Fresno,CA,124-61-6438,Mandatory client-server hierarchy
6279070,Thorsten,Dudek,tdudek7r@yolasite.com,Male,9011319758,Memphis,TN,791-79-0367,Switchable exuding definition
6742061,Dorie,Dyball,ddyball7s@yahoo.co.jp,Male,6308037340,Aurora,IL,438-06-2958,Reactive zero administration methodology
3684927,Rosabelle,McGifford,rmcgifford7t@amazon.de,Female,6365688669,Saint Louis,MO,499-19-2615,Expanded directional extranet
1345536,Kasper,Santo,ksanto7u@home.pl,Male,4328362095,Odessa,TX,633-10-4229,Reduced high-level groupware
7141761,Agnola,Stairmond,astairmond7v@cbslocal.com,Female,6143994828,Columbus,OH,102-12-9407,Triple-buffered asynchronous encryption
7496604,Artemus,Oakton,aoakton7w@guardian.co.uk,Male,2813232755,Houston,TX,256-15-8387,User-centric tertiary encoding
3799432,Demetria,Durn,ddurn7x@feedburner.com,Female,7865193277,Miami,FL,639-87-3952,Synchronised intangible core
7531428,Salomone,Fenelon,sfenelon7y@unc.edu,Male,8169318366,Lees Summit,MO,370-70-1279,Re-contextualized heuristic algorithm
7266527,Barde,Finley,bfinley7z@deviantart.com,Male,8015829834,Salt Lake City,UT,475-82-8735,User-centric scalable throughput
3407892,Siouxie,Mailey,smailey80@bloglovin.com,Female,2129946147,New York City,NY,495-50-2763,Devolved even-keeled solution
1132801,Adolf,Meddick,ameddick81@dropbox.com,Male,3095040201,Peoria,IL,821-50-3329,Configurable foreground definition
4034578,Dorolice,Dongall,ddongall82@dmoz.org,Female,7752515374,Sparks,NV,784-13-4288,Multi-tiered next generation product
3248323,Kip,Labbe,klabbe83@tumblr.com,Male,4147978167,Milwaukee,WI,788-10-3107,Cross-platform mission-critical methodology
6501781,Bobine,Bartali,bbartali84@bluehost.com,Female,9037425984,Texarkana,TX,700-55-2693,Cross-platform empowering circuit
6302519,Morlee,Petricek,mpetricek85@trellian.com,Male,2032796649,Waterbury,CT,651-33-8002,Right-sized zero tolerance intranet
2844300,Torrance,Stopford,tstopford86@behance.net,Male,2083797661,Pocatello,ID,719-96-5535,Organized value-added paradigm
4075049,Ernestine,Aitken,eaitken87@google.es,Female,4046420178,Atlanta,GA,390-28-9817,Organic 4th generation support
2713417,Lambert,Carbin,lcarbin88@mysql.com,Male,7752651676,Carson City,NV,367-08-4574,Balanced systematic strategy
3239771,Carmelle,Sabberton,csabberton89@tinyurl.com,Female,9541130632,West Palm Beach,FL,175-58-3824,Open-source impactful groupware
7406315,Sherm,Fipp,sfipp8a@list-manage.com,Male,9075603908,Anchorage,AK,259-34-6485,Pre-emptive explicit alliance
3882617,Pepito,Molyneaux,pmolyneaux8b@wp.com,Male,2071658509,Portland,ME,120-23-0665,Up-sized bandwidth-monitored capacity
1448606,Duncan,Freeland,dfreeland8c@google.nl,Male,8163016733,Kansas City,MO,188-89-4322,Public-key foreground structure
1696249,Benton,Krienke,bkrienke8d@macromedia.com,Male,9723707055,Dallas,TX,597-02-3517,Universal dedicated forecast
4682774,Ezra,Loffhead,eloffhead8e@nsw.gov.au,Male,3614257652,Corpus Christi,TX,229-28-1064,Programmable heuristic service-desk
3468391,Dehlia,Esch,desch8f@hao123.com,Female,7047467620,Charlotte,NC,281-82-3685,Fundamental cohesive moratorium
3382150,Maddi,Breache,mbreache8g@google.co.jp,Female,9159152674,El Paso,TX,865-19-0471,Cross-group optimizing Graphic Interface
5203859,Kandy,Fautly,kfautly8h@nasa.gov,Female,4058916241,Oklahoma City,OK,736-28-5104,Fundamental radical protocol
4544459,Vinita,Arthy,varthy8i@php.net,Female,4047302203,Atlanta,GA,733-70-9328,Front-line optimizing info-mediaries
6153643,Karlen,Raithmill,kraithmill8j@about.me,Female,4691354061,Dallas,TX,467-69-1295,De-engineered foreground leverage
5142423,Welsh,Glavis,wglavis8k@chron.com,Male,6197594837,San Diego,CA,438-32-9011,Persistent composite service-desk
2762594,Beret,Putley,bputley8l@utexas.edu,Female,3521423467,Ocala,FL,821-38-1974,Monitored client-server Graphical User Interface
5491059,Les,Smitherman,lsmitherman8m@cisco.com,Male,9158719185,El Paso,TX,112-81-0682,Operative clear-thinking monitoring
2071936,Allyn,Hanlon,ahanlon8n@jimdo.com,Male,8141279280,Erie,PA,658-15-3696,Proactive cohesive application
2980306,Goldia,Monteath,gmonteath8o@geocities.jp,Female,5157016202,Des Moines,IA,868-29-9118,Universal uniform customer loyalty
4230599,Idette,Itzchaki,iitzchaki8p@google.nl,Female,7705180496,Lawrenceville,GA,179-90-7435,Object-based upward-trending instruction set
1563654,Rita,Youens,ryouens8q@twitter.com,Female,5622246085,Long Beach,CA,350-44-9058,Upgradable fault-tolerant knowledge user
1653193,Lorry,Castleman,lcastleman8r@princeton.edu,Male,9167684917,Sacramento,CA,201-43-0137,Virtual actuating matrix
7510780,Edi,Strood,estrood8s@ftc.gov,Female,5048975013,New Orleans,LA,359-60-9781,Virtual optimizing customer loyalty
7735380,Bryan,Sabatier,bsabatier8t@hao123.com,Male,5718324195,Ashburn,VA,219-67-2156,Virtual coherent throughput
2763438,Reynard,Quibell,rquibell8u@themeforest.net,Male,3177920963,Indianapolis,IN,818-69-2626,Vision-oriented logistical alliance
2273326,Currie,Tresvina,ctresvina8v@issuu.com,Male,7724774660,Vero Beach,FL,395-88-2359,Public-key reciprocal knowledge user
5676736,Gabbie,Gadesby,ggadesby8w@census.gov,Male,5047089619,Metairie,LA,544-38-2095,Optimized multi-tasking hub
6918332,Virgil,Clinning,vclinning8x@wordpress.org,Male,6088651743,Madison,WI,614-39-7182,Synergized foreground framework
6325048,Caldwell,Karle,ckarle8y@wordpress.org,Male,3601847766,Vancouver,WA,715-01-0401,Self-enabling responsive projection
2012297,Edd,Pill,epill8z@wikipedia.org,Male,7185856951,New York City,NY,234-27-1899,Function-based client-server neural-net
2546833,Ogden,Nibley,onibley90@simplemachines.org,Male,9016481793,Memphis,TN,727-80-8102,Multi-lateral fault-tolerant superstructure
2374471,Pauline,Warret,pwarret91@123-reg.co.uk,Female,6822863556,Fort Worth,TX,608-97-2404,De-engineered methodical model
4490445,Luigi,Beams,lbeams92@state.tx.us,Male,3027819299,Wilmington,DE,167-50-7455,Multi-channelled bandwidth-monitored success
2466840,Spencer,Bordone,sbordone93@marketwatch.com,Male,2403715725,Silver Spring,MD,734-65-0390,Open-source maximized matrices
4401437,Honor,Hurley,hhurley94@narod.ru,Female,4122411498,Pittsburgh,PA,403-61-2984,Enhanced incremental data-warehouse
2285917,Moselle,Bilt,mbilt95@g.co,Female,5404937320,Fredericksburg,VA,720-87-2635,Enterprise-wide object-oriented paradigm
1544889,Lilllie,Klee,lklee96@4shared.com,Female,4691327742,Dallas,TX,442-48-3289,Cloned secondary task-force
7929476,Millicent,Mauchlen,mmauchlen97@adobe.com,Female,3125366579,Chicago,IL,163-17-4197,Multi-layered systemic projection
3776385,Lilah,Addess,laddess98@latimes.com,Female,7012332030,Grand Forks,ND,199-78-5740,Public-key fault-tolerant conglomeration
3630430,Chelsey,Harlett,charlett99@tmall.com,Female,7189314278,Jamaica,NY,247-58-1052,Fully-configurable impactful productivity
7860632,Dew,Ansell,dansell9a@wikia.com,Male,3093520943,Peoria,IL,607-64-1179,Seamless empowering capability
4105250,Crysta,Van Der Weedenburg,cvanderweedenburg9b@com.com,Female,2027300876,Washington,DC,356-90-7529,Proactive cohesive paradigm
7290993,Stephanie,Cready,scready9c@ebay.co.uk,Female,8033518790,Columbia,SC,289-29-7693,Exclusive empowering database
3907330,Lilllie,Giovani,lgiovani9d@linkedin.com,Female,2024742559,Washington,DC,627-56-0644,Monitored zero tolerance hub
1399961,Babbie,Leefe,bleefe9e@kickstarter.com,Female,6503258764,San Jose,CA,767-97-9613,Team-oriented analyzing approach
4006194,Guthrie,Huband,ghuband9f@behance.net,Male,2085769827,Boise,ID,699-68-0432,Enhanced clear-thinking intranet
7366359,Aloin,Wreak,awreak9g@de.vu,Male,7571107597,Newport News,VA,574-65-8714,Persevering disintermediate attitude
4007195,Pam,Gate,pgate9h@businesswire.com,Female,2603137957,Fort Wayne,IN,261-81-6092,Cross-group background concept
7619926,Daphene,Bendik,dbendik9i@studiopress.com,Female,9158447112,El Paso,TX,827-95-4303,Extended impactful flexibility
7891263,Tynan,Huyhton,thuyhton9j@craigslist.org,Male,3167692969,Wichita,KS,149-12-5580,Configurable homogeneous orchestration
4306656,Guinna,Denidge,gdenidge9k@nba.com,Female,2082606153,Boise,ID,788-04-4864,User-centric executive synergy
3656094,Peg,Dyball,pdyball9l@vinaora.com,Female,8475733353,Chicago,IL,765-04-4667,Triple-buffered background alliance
1716555,Jorgan,Gleader,jgleader9m@photobucket.com,Male,5138958267,Cincinnati,OH,560-50-7127,Enhanced reciprocal portal
1358043,Enrica,Wykey,ewykey9n@ocn.ne.jp,Female,7171785326,Lancaster,PA,180-46-9371,Team-oriented 24 hour archive
4370474,Rainer,Cardoso,rcardoso9o@prlog.org,Male,4041885939,Atlanta,GA,619-51-9892,Digitized multimedia emulation
2055192,Ahmed,Mumby,amumby9p@baidu.com,Male,7185724448,Flushing,NY,269-50-0350,Horizontal dynamic algorithm
3053206,Brenn,Dumbelton,bdumbelton9q@psu.edu,Female,2131447106,North Hollywood,CA,689-76-4334,Realigned tertiary initiative
3364057,Therese,Fansy,tfansy9r@live.com,Female,3608131197,Seattle,WA,286-15-2132,Future-proofed background data-warehouse
6906723,Kirstin,Lagneaux,klagneaux9s@google.com.br,Female,8063522295,Amarillo,TX,144-93-0926,Function-based cohesive hub
1826105,Mahmoud,Osbiston,mosbiston9t@fda.gov,Male,4195209259,Toledo,OH,482-49-7659,Diverse didactic conglomeration
5616235,Norbie,Phillcox,nphillcox9u@ted.com,Male,4129091104,Mc Keesport,PA,807-17-2785,Multi-layered maximized monitoring
1337993,Wendel,Fodden,wfodden9v@redcross.org,Male,3144821159,Saint Louis,MO,512-30-7708,Advanced even-keeled info-mediaries
1533350,Adlai,McNab,amcnab9w@bravesites.com,Male,5173242944,Lansing,MI,489-22-5259,Progressive leading edge success
3961532,Matt,Grigorini,mgrigorini9x@typepad.com,Male,4056934395,Oklahoma City,OK,190-10-4483,Mandatory multimedia software
4829223,Raina,Ortell,rortell9y@imgur.com,Female,4084084194,San Jose,CA,431-13-9880,Centralized even-keeled flexibility
3158154,Von,Galiero,vgaliero9z@joomla.org,Male,2293858937,Albany,GA,650-02-0017,Profit-focused 4th generation middleware
3611501,Onfre,Pindell,opindella0@feedburner.com,Male,2032332529,Fairfield,CT,218-06-4628,Diverse intermediate neural-net
5991999,Jerrome,Fleay,jfleaya1@boston.com,Male,9161108502,Sacramento,CA,107-12-6486,Re-contextualized demand-driven firmware
5939100,Stavro,Haddy,shaddya2@icio.us,Male,9174822038,New York City,NY,385-01-6521,Switchable heuristic protocol
1209183,Aristotle,Heiden,aheidena3@gravatar.com,Male,6025522259,Glendale,AZ,254-18-0523,Optimized fresh-thinking projection
1459620,Gratia,Heyball,gheyballa4@typepad.com,Female,4052236517,Norman,OK,215-06-1674,Reverse-engineered mobile protocol
7015799,Zollie,Anyon,zanyona5@multiply.com,Male,3101183211,Inglewood,CA,299-91-0286,Devolved coherent hierarchy
4899887,Bertram,Franscioni,bfranscionia6@slate.com,Male,4149152437,Milwaukee,WI,624-87-6960,Face to face 6th generation matrices
6813526,Catrina,Laurens,claurensa7@amazon.de,Female,8599781002,Lexington,KY,228-17-1910,Automated disintermediate matrix
1803989,Antonetta,Humphries,ahumphriesa8@redcross.org,Female,5611934941,West Palm Beach,FL,734-25-4003,De-engineered directional customer loyalty
6206382,Nicol,Christley,nchristleya9@woothemes.com,Female,6029885942,Phoenix,AZ,199-49-3958,Reactive maximized firmware
2013524,Rosabella,Twede,rtwedeaa@omniture.com,Female,6827648886,Fort Worth,TX,732-87-0868,Cloned human-resource functionalities
7551836,Benedicto,Winchester,bwinchesterab@yandex.ru,Male,7014015742,Grand Forks,ND,848-03-3886,Realigned mobile artificial intelligence
5794351,Shelby,Button,sbuttonac@bbb.org,Female,2088601392,Boise,ID,620-72-5568,Automated exuding pricing structure
6047682,Blithe,Grigori,bgrigoriad@paypal.com,Female,3344256903,Montgomery,AL,890-88-8325,Ergonomic tertiary monitoring
2635183,Burch,Raggitt,braggittae@yellowbook.com,Male,5098013724,Spokane,WA,497-06-8984,Face to face encompassing workforce
2717103,Madison,Lindley,mlindleyaf@etsy.com,Male,7573504152,Newport News,VA,162-11-0200,Distributed demand-driven complexity
5016349,Ettie,Danev,edanevag@booking.com,Female,6145834170,Columbus,OH,505-04-8213,Realigned object-oriented encoding
7811854,Elise,Dronsfield,edronsfieldah@wikispaces.com,Female,9208341327,Green Bay,WI,738-96-5295,Persistent user-facing flexibility
2317656,Barbi,Clouston,bcloustonai@tinypic.com,Female,6515828715,Minneapolis,MN,862-69-8444,Vision-oriented systemic strategy
6312724,Natka,Beavan,nbeavanaj@smh.com.au,Female,8063190790,Amarillo,TX,581-21-9119,Sharable local functionalities
3337842,Tish,Patillo,tpatilloak@businessinsider.com,Female,6261024105,Pasadena,CA,381-84-9799,Visionary leading edge matrix
6340548,Sandy,Risdall,srisdallal@123-reg.co.uk,Female,6191521855,San Diego,CA,134-37-3393,Synergized holistic focus group
4236884,Chelsey,Sein,cseinam@usnews.com,Female,4049824579,Marietta,GA,304-82-8028,Fundamental global intranet
2576665,Joella,Segar,jsegaran@harvard.edu,Female,5742489351,South Bend,IN,342-66-8355,Switchable real-time task-force
6301433,Brandie,Jamson,bjamsonao@hatena.ne.jp,Female,9044879203,Jacksonville,FL,637-55-3728,Digitized systematic standardization
1273745,Wye,Arrington,warringtonap@berkeley.edu,Male,3302848417,Canton,OH,542-58-8850,Down-sized intermediate monitoring
4861421,Gilemette,Train,gtrainaq@usa.gov,Female,6149307633,Columbus,OH,748-46-2580,Multi-channelled motivating synergy
5866242,Alikee,Valadez,avaladezar@bravesites.com,Female,3373585452,Lafayette,LA,691-41-4976,Realigned background throughput
1952411,Gene,Sinson,gsinsonas@wiley.com,Female,9161042691,Sacramento,CA,487-08-2812,Integrated encompassing encoding
3056478,Frederique,Runcie,fruncieat@instagram.com,Female,5598258494,Fresno,CA,105-19-0613,Enterprise-wide incremental pricing structure
6795558,Ophelie,Lober,oloberau@1688.com,Female,2511281928,Mobile,AL,511-31-3399,User-centric mission-critical internet solution
3308345,Zaria,Nesey,zneseyav@reuters.com,Female,8144183384,Erie,PA,700-35-3769,Streamlined motivating matrix
2952363,Zsazsa,Worgan,zworganaw@kickstarter.com,Female,7199690469,Colorado Springs,CO,462-23-1932,Open-source bottom-line hardware
1919527,Mychal,Driver,mdriverax@themeforest.net,Male,6032649991,Portsmouth,NH,156-30-3235,Total 3rd generation Graphic Interface
4260774,Tremayne,Trevain,ttrevainay@msu.edu,Male,2137963112,Van Nuys,CA,405-46-3298,Assimilated high-level function
5970613,Lou,Doerling,ldoerlingaz@vkontakte.ru,Male,2139727415,Los Angeles,CA,382-59-6078,Universal secondary knowledge user
4309733,Ciel,Inkles,cinklesb0@infoseek.co.jp,Female,9155109610,El Paso,TX,734-84-0086,Realigned dedicated infrastructure
4599105,Mollie,Cone,mconeb1@squarespace.com,Female,2023711451,Washington,DC,581-41-4766,Innovative user-facing database
3478737,Arnold,Whyffen,awhyffenb2@freewebs.com,Male,9019110562,Memphis,TN,615-96-0911,Persevering high-level data-warehouse
6453638,Melva,Ezzell,mezzellb3@wordpress.org,Female,7656073853,Muncie,IN,554-26-2463,User-friendly leading edge productivity
3501492,Kevyn,Goggin,kgogginb4@mapquest.com,Female,5403295946,Roanoke,VA,604-84-2229,Function-based executive extranet
6054633,Terence,Abrahmovici,tabrahmovicib5@gnu.org,Male,4196470978,Toledo,OH,116-31-9447,Business-focused didactic installation
7462516,Liana,Saiger,lsaigerb6@dmoz.org,Female,7732461471,Chicago,IL,367-75-2894,Future-proofed coherent internet solution
2786325,Damian,Simonitto,dsimonittob7@hc360.com,Male,3303151938,Canton,OH,301-54-0138,Vision-oriented national productivity
2059599,Maurizia,Slobom,mslobomb8@yolasite.com,Female,5858162473,Rochester,NY,262-06-3423,Configurable eco-centric installation
3158185,Olivie,Causey,ocauseyb9@fema.gov,Female,4197346050,Toledo,OH,898-08-5626,Programmable systemic monitoring
5334528,Elmo,Ruslinge,eruslingeba@yolasite.com,Male,8161732293,Kansas City,MO,160-14-6721,Vision-oriented interactive productivity
6949510,Griffy,Berisford,gberisfordbb@github.io,Male,8307241442,San Antonio,TX,678-99-2694,Vision-oriented scalable internet solution
7956529,Nickola,Kersting,nkerstingbc@yolasite.com,Male,9718212179,Portland,OR,336-21-7580,Future-proofed hybrid hierarchy
7720687,Yvor,Priestnall,ypriestnallbd@forbes.com,Male,3027647650,Wilmington,DE,312-51-5948,Down-sized motivating middleware
3785320,Aime,Chin,achinbe@4shared.com,Female,9157187083,El Paso,TX,550-66-5821,Stand-alone didactic secured line
7551035,Lari,Sterricks,lsterricksbf@studiopress.com,Female,4199729373,Lima,OH,191-30-9107,Function-based secondary migration
2864092,Lion,Dimont,ldimontbg@deviantart.com,Male,9173189230,New York City,NY,118-92-5277,Programmable next generation protocol
1100955,Micah,Desouza,mdesouzabh@jalbum.net,Male,7024818474,Las Vegas,NV,834-89-6575,Multi-layered analyzing infrastructure
3331618,Winfred,Tacon,wtaconbi@purevolume.com,Male,9734689982,Paterson,NJ,235-30-7611,Triple-buffered 3rd generation framework
5367142,Kessiah,Rosle,kroslebj@msu.edu,Female,7186208918,Brooklyn,NY,600-60-5901,Seamless reciprocal functionalities
7378489,Alwyn,Le Merchant,alemerchantbk@mtv.com,Male,7038030873,Alexandria,VA,235-29-1641,User-centric interactive forecast
7154218,Philippa,Catenot,pcatenotbl@yahoo.co.jp,Female,5135822836,Cincinnati,OH,723-54-3487,Intuitive multimedia middleware
7857220,Savina,Josefsen,sjosefsenbm@timesonline.co.uk,Female,8137329011,Zephyrhills,FL,435-92-3974,Total responsive Graphic Interface
2488618,Pieter,Dabes,pdabesbn@wordpress.org,Male,3527392366,Ocala,FL,356-17-2987,Pre-emptive global emulation
1039293,Pincas,Hurdedge,phurdedgebo@guardian.co.uk,Male,9259586694,Concord,CA,674-54-1241,Focused holistic matrix
3511549,Isidor,Alyukin,ialyukinbp@alibaba.com,Male,7022750208,Henderson,NV,449-74-9682,Multi-tiered composite process improvement
1800178,Daryl,Godbolt,dgodboltbq@zimbio.com,Female,9716207476,Portland,OR,704-05-0700,Devolved exuding open system
6135427,Jard,Yirrell,jyirrellbr@sciencedaily.com,Male,5059650577,Albuquerque,NM,721-82-3101,Cross-group system-worthy complexity
4988043,Nickie,Peaple,npeaplebs@sphinn.com,Male,9192915804,Raleigh,NC,530-47-3473,Compatible full-range archive
5344201,Jessamine,Felderer,jfeldererbt@istockphoto.com,Female,7139612131,Houston,TX,861-28-1845,Intuitive upward-trending hub
1572896,Larry,Kubalek,lkubalekbu@forbes.com,Male,3122400065,Chicago,IL,745-17-9535,Seamless encompassing emulation
5597794,Erroll,Sterman,estermanbv@aol.com,Male,7637371027,Minneapolis,MN,145-25-1939,Multi-lateral non-volatile analyzer
2941128,Daniela,Tillyer,dtillyerbw@pbs.org,Female,9712366998,Salem,OR,525-83-3263,Configurable systematic neural-net
7843286,Raymund,Vasile,rvasilebx@mail.ru,Male,7024113923,Las Vegas,NV,247-04-0566,Integrated full-range time-frame
5432672,Sidnee,Carlisle,scarlisleby@google.de,Male,2027456099,Washington,DC,250-60-1008,Configurable systemic alliance
7742232,Honey,Speares,hspearesbz@hubpages.com,Female,2675476633,Philadelphia,PA,659-42-6013,Business-focused responsive workforce
3231602,Dasha,Bole,dbolec0@mac.com,Female,9071588488,Fairbanks,AK,408-08-4140,Front-line methodical methodology
7988704,Zane,Pendlebury,zpendleburyc1@craigslist.org,Male,7604821350,Carlsbad,CA,411-28-2013,Devolved mobile encoding
2759418,Morrie,Sabben,msabbenc2@huffingtonpost.com,Male,4073478479,Orlando,FL,826-36-4186,Polarised client-server website
7221922,Brand,Casoni,bcasonic3@chicagotribune.com,Male,7851355513,Topeka,KS,495-03-2277,Enterprise-wide stable process improvement
2392107,Keeley,Le Borgne,kleborgnec4@youku.com,Female,3212182388,Orlando,FL,734-51-4222,Profound national model
3227999,Jewelle,Tomsu,jtomsuc5@seesaa.net,Female,5029657785,Louisville,KY,134-64-0465,Multi-channelled next generation internet solution
3439156,Gorden,Greally,ggreallyc6@google.it,Male,2015310967,Newark,NJ,336-52-3867,Visionary optimizing task-force
6663999,Andrew,Eaden,aeadenc7@geocities.com,Male,6826827554,Fort Worth,TX,293-52-6789,Re-contextualized needs-based capability
7395563,Sollie,Trevear,strevearc8@wsj.com,Male,7273617293,Clearwater,FL,724-60-1873,Multi-layered clear-thinking hardware
1406308,Olivette,Kinch,okinchc9@elpais.com,Female,9038898037,Tyler,TX,451-52-8288,Mandatory value-added application
6295508,Devonna,Cuttell,dcuttellca@ycombinator.com,Female,5404884094,Roanoke,VA,899-79-8116,Grass-roots bi-directional help-desk
1112078,Codee,Clarycott,cclarycottcb@bandcamp.com,Female,8015777143,Salt Lake City,UT,171-34-2492,Intuitive eco-centric support
2895558,Conway,Saggs,csaggscc@blogs.com,Male,2104063827,San Antonio,TX,577-43-8786,Sharable motivating system engine
4390610,Chiarra,Kleinhandler,ckleinhandlercd@eepurl.com,Female,2519093422,Mobile,AL,684-30-3292,Re-contextualized context-sensitive hub
5501196,Caleb,Greader,cgreaderce@goo.gl,Male,5052834522,Albuquerque,NM,474-48-0697,Reverse-engineered zero defect system engine
3956470,Melvyn,Dudley,mdudleycf@bbc.co.uk,Male,2258564705,Baton Rouge,LA,727-64-7167,Re-engineered background intranet
4651312,Bucky,Grist,bgristcg@bloglovin.com,Male,9375537799,Dayton,OH,369-69-8389,Adaptive actuating matrices
1957171,Pip,Hurley,phurleych@unesco.org,Male,8163890059,Kansas City,MO,684-06-9266,Polarised client-server paradigm
5251393,Woody,Pye,wpye0@newsvine.com,Male,9158957057,El Paso,TX,582-62-0169,Implemented didactic local area network
1834586,Pancho,Puttergill,pputtergill1@yahoo.com,Male,8043559248,Richmond,VA,478-57-8270,Cross-platform responsive benchmark
7271642,Angie,Pattrick,apattrick2@usgs.gov,Male,7276659448,Clearwater,FL,815-83-0714,Diverse 24 hour structure
3598671,Chryste,Lehenmann,clehenmann3@utexas.edu,Female,2134073388,Van Nuys,CA,789-59-3959,Polarised executive artificial intelligence
7487978,Timi,Dello,tdello4@theatlantic.com,Female,6028141566,Phoenix,AZ,880-17-6812,De-engineered motivating model
7821990,Mariejeanne,Crowche,mcrowche5@goo.gl,Female,5169375611,Hicksville,NY,304-95-9131,Object-based 6th generation leverage
4246712,Isidoro,Parnall,iparnall6@t.co,Male,4064225492,Billings,MT,202-08-0160,Exclusive scalable capability
7763240,Mady,Martyntsev,mmartyntsev7@dailymotion.com,Female,7185659888,Brooklyn,NY,302-04-7624,Profound client-server concept
3879908,Vikki,Ghidetti,vghidetti8@moonfruit.com,Female,2608451325,Fort Wayne,IN,688-22-2639,Implemented content-based implementation
7346920,Georgeta,Carmody,gcarmody9@cornell.edu,Female,6014866957,Jackson,MS,572-73-7798,Front-line tangible strategy
6958214,Oralee,Krale,okralea@mozilla.com,Female,3342509787,Montgomery,AL,670-90-1608,Organized 24/7 customer loyalty
7169744,Aurelie,Lawlings,alawlingsb@1688.com,Female,7028324091,North Las Vegas,NV,347-86-9717,Down-sized asynchronous complexity
5022336,Garnette,Blofeld,gblofeldc@etsy.com,Female,6786699212,Atlanta,GA,739-23-0651,Persevering demand-driven customer loyalty
5242746,Erminie,Joiris,ejoirisd@accuweather.com,Female,2088345873,Pocatello,ID,364-83-4318,Right-sized bandwidth-monitored info-mediaries
6685244,Hugues,Bartlomiej,hbartlomieje@flavors.me,Male,2021968305,Washington,DC,324-41-3451,Re-engineered foreground core
6105972,Chen,Densumbe,cdensumbef@seesaa.net,Male,7132242947,Houston,TX,810-49-4725,Reverse-engineered value-added encoding
4701356,Corrina,Bambridge,cbambridgeg@qq.com,Female,2149818480,Dallas,TX,105-45-8137,Phased reciprocal open architecture
7435895,Giacinta,Coull,gcoullh@europa.eu,Female,2028585556,Washington,DC,693-07-1701,Optional human-resource system engine
3493589,Leonhard,Fraczkiewicz,lfraczkiewiczi@csmonitor.com,Male,9172629218,Bronx,NY,458-04-6536,Configurable reciprocal challenge
4464117,Kaye,Jeffrey,kjeffreyj@mysql.com,Female,7812895113,Watertown,MA,736-56-9894,Adaptive stable budgetary management
7064433,Izak,Rathbourne,irathbournek@marketwatch.com,Male,5403093531,Charlottesville,VA,270-83-0124,Cross-platform grid-enabled superstructure
3023313,Marketa,Spraging,mspragingl@hhs.gov,Female,7132081818,Houston,TX,442-10-3172,Compatible regional Graphic Interface
6308328,Gypsy,Nertney,gnertneym@usgs.gov,Female,7605636838,Huntington Beach,CA,205-49-4536,Triple-buffered encompassing knowledge base
7562695,Ahmad,Cluley,acluleyn@yahoo.co.jp,Male,2605162547,Fort Wayne,IN,425-15-2712,Customer-focused clear-thinking internet solution
7418522,Pryce,Reeson,preesono@networkadvertising.org,Male,2032667183,Waterbury,CT,460-31-1612,Proactive web-enabled infrastructure
2829514,Rene,Grolle,rgrollep@xinhuanet.com,Female,3169880791,Wichita,KS,346-37-5848,Persistent web-enabled forecast
7603073,Jorrie,Renols,jrenolsq@google.com.au,Female,2153001107,Philadelphia,PA,885-67-7739,Total upward-trending workforce
6324909,Ashleigh,Nijssen,anijssenr@sogou.com,Female,9734007385,Newark,NJ,723-37-7074,Exclusive modular neural-net
2426098,Giovanna,Doidge,gdoidges@wix.com,Female,2081371538,Boise,ID,695-12-6939,Down-sized system-worthy projection
1876790,Warde,Hornung,whornungt@bloglovin.com,Male,4193300911,Toledo,OH,256-32-9831,Devolved fresh-thinking concept
3120604,Kit,Klimshuk,kklimshuku@discovery.com,Male,9414865168,Punta Gorda,FL,130-64-7388,Ergonomic scalable budgetary management
4459452,Rivkah,Dracey,rdraceyv@twitpic.com,Female,2672553344,Philadelphia,PA,742-72-2068,Persistent disintermediate ability
2825186,Rosetta,Minty,rmintyw@uol.com.br,Female,6143945661,Columbus,OH,451-66-7167,Enterprise-wide demand-driven process improvement
3907040,Evelyn,Knok,eknokx@last.fm,Female,8161656031,Kansas City,MO,676-19-5344,Future-proofed context-sensitive emulation
3506843,Tripp,Roft,trofty@bloglovin.com,Male,2131546864,North Hollywood,CA,468-14-4777,Open-source coherent project
6542150,Rae,Boar,rboarz@ucsd.edu,Female,6017070796,Jackson,MS,517-12-9839,Diverse 24/7 complexity
3180263,Stanford,Drury,sdrury10@clickbank.net,Male,2155055583,Philadelphia,PA,529-01-4210,Enhanced attitude-oriented synergy
6247664,Dene,Liddington,dliddington11@chron.com,Male,5182029726,Albany,NY,684-42-8353,Organized tangible migration
3347461,Stanleigh,Spacey,sspacey12@behance.net,Male,6465502076,New York City,NY,745-79-2230,Profound bifurcated contingency
7378443,Nata,Birtwisle,nbirtwisle13@chicagotribune.com,Female,6078650580,Elmira,NY,867-15-2734,Extended 3rd generation implementation
1864044,Liam,Glidder,lglidder14@ebay.co.uk,Male,5867193014,Warren,MI,491-05-0698,Stand-alone global portal
4144106,Henka,Fearneley,hfearneley15@opensource.org,Female,8502024602,Tallahassee,FL,373-96-8623,Polarised clear-thinking secured line
4774142,Alisander,Giblin,agiblin16@elpais.com,Male,9154164761,El Paso,TX,564-59-8357,User-friendly user-facing instruction set
1321146,Bertha,Hierro,bhierro17@jalbum.net,Female,2152351603,Philadelphia,PA,169-37-6717,Secured secondary migration
7864554,Essa,Conibeer,econibeer18@dion.ne.jp,Female,2091823780,Modesto,CA,740-97-6869,Virtual optimal definition
6092124,Lynnette,Pavese,lpavese19@nps.gov,Female,4107702533,Baltimore,MD,365-89-1692,Right-sized bifurcated superstructure
7745291,Dorella,Drepp,ddrepp1a@gravatar.com,Female,6025190667,Glendale,AZ,642-61-3890,Persistent stable orchestration
7469971,Carlye,Hibbart,chibbart1b@hexun.com,Female,4076312293,Orlando,FL,707-81-4253,Sharable radical help-desk
5770678,Ailey,Tomczak,atomczak1c@wikia.com,Female,4067766271,Helena,MT,592-67-7838,Programmable multimedia model
5206878,Terry,Praten,tpraten1d@mac.com,Female,4806328441,Scottsdale,AZ,497-86-6926,Up-sized regional archive
